arrondissement,pollution_no2,score_air
1,2000.0,80.0
2,2000.0,80.0
6,3000.0,77.86
4,4000.0,75.71
3,5000.0,73.57
5,5000.0,73.57
7,5000.0,73.57
8,6000.0,71.43
9,6000.0,71.43
14,12000.0,58.57
13,14000.0,54.29
15,15000.0,52.14
16,17000.0,47.86
11,19000.0,43.57
12,19000.0,43.57
10,23000.0,35.0
19,26000.0,28.57
20,26000.0,28.57
17,28000.0,24.29
18,30000.0,20.0
